Database ID,DB Name,DB Instance Name,App ID,AppName,Source Engine Type,Source Engine Version,Source Engine Edition,Total Size (GB),Total Size - Mod (GB),Server ID,Svr vCPUs,Svr Memory,Target Engine,Deployment Type,Database Owner Name,Database Owner Email,Database Owner Phone,License Model,Oracle ADR (Y/N),ENV,Replication (Y/N),Cluster/Oracle RAC (Y/N),Peak IOPS (KB),Average IOPS (KB),"WQF Rating (1,2,3,4,5)",Migration Strategy,CPU Cores,Max Transactions per Second,Redo Log Size (KB),Stored Procedures Lines of Code,Triggers Lines of Code,Utilization,Throughput (MBps)
D01,hd-cse-db-st1a,hd-cse-db-st1a,A06,Comets -  Core DB,SQL Server,,," 11,146.29 "," 11,146.29 ",S15,8,16,SQL Server,Single-AZ,,,,Standard,,NonProduction,N,,,,,Replatform,,,,,, 0.01 ,
D02,hd-cse-db-cln1a,hd-cse-db-cln1a,A06,Comets -  Core DB,SQL Server,,," 11,146.29 "," 11,146.29 ",S16,8,8,SQL Server,Single-AZ,,,,Standard,,NonProduction,N,,,,,Replatform,,,,,, 0.02 ,
D03,hd-rap-db-05,hd-rap-db-05,A08,Comets - App Scan,SQL Server,,, 457.72 ," 1,024.00 ",S35,2,16,SQL Server,Single-AZ,,,,Standard,,NonProduction,N,,,,,Replatform,,,,,, 0.04 ,
D04,hd-bws-db-st1a,hd-bws-db-st1a,A11,Comets - BAW (Workflow Automation),SQL Server,,," 3,828.02 "," 3,828.02 ",S45,8,16,SQL Server,Single-AZ,,,,Standard,,NonProduction,N,,,,,Replatform,,,,,, 0.02 ,
D05,hd-bws-db-cln1t,hd-bws-db-cln1t,A11,Comets - BAW (Workflow Automation),SQL Server,,," 3,828.02 "," 3,828.02 ",S46,8,16,SQL Server,Single-AZ,,,,Standard,,NonProduction,N,,,,,Replatform,,,,,, 0.02 ,
D06,hd-bws-db-st1b,hd-bws-db-st1b,A11,Comets - BAW (Workflow Automation),SQL Server,,," 3,828.02 "," 3,828.02 ",S47,8,48,SQL Server,Single-AZ,,,,Standard,,NonProduction,N,,,,,Replatform,,,,,, 0.15 ,
D07,hd-bws-db-cv1b,hd-bws-db-cv1b,A11,Comets - BAW (Workflow Automation),SQL Server,,," 3,828.02 "," 3,828.02 ",S48,8,20,SQL Server,Multi-AZ,,,,Enterprise,,Production,Y,,,,,Replatform,,,,,, 0.02 ,
D08,hd-bws-db-cln1a,hd-bws-db-cln1a,A11,Comets - BAW (Workflow Automation),SQL Server,,," 3,828.02 "," 3,828.02 ",S49,8,16,SQL Server,Multi-AZ,,,,Enterprise,,Production,Y,,,,,Replatform,,,,,, 0.02 ,
D09,hd-bws-db-tst1b,hd-bws-db-tst1b,A11,Comets - BAW (Workflow Automation),SQL Server,,," 3,828.02 "," 3,828.02 ",S50,8,16,SQL Server,Multi-AZ,,,,Enterprise,,Production,Y,,,,,Replatform,,,,,, 0.02 ,
D10,hd-bws-db-uat1a,hd-bws-db-uat1a,A11,Comets - BAW (Workflow Automation),SQL Server,,," 3,828.02 "," 3,828.02 ",S51,8,2,SQL Server,Single-AZ,,,,Standard,,NonProduction,N,,,,,Replatform,,,,,, 0.02 ,
D11,hd-bws-db-cln1b,hd-bws-db-cln1b,A11,Comets - BAW (Workflow Automation),SQL Server,,," 3,828.02 "," 3,828.02 ",S52,8,16,SQL Server,Single-AZ,,,,Standard,,NonProduction,N,,,,,Replatform,,,,,, 0.00 ,
D12,hd-bws-db-m205a,hd-bws-db-m205a,A11,Comets - BAW (Workflow Automation),SQL Server,,," 3,828.02 "," 3,828.02 ",S53,8,8,SQL Server,Single-AZ,,,,Standard,,NonProduction,N,,,,,Replatform,,,,,, 0.02 ,
D13,hd-bws-db-m205b,hd-bws-db-m205b,A11,Comets - BAW (Workflow Automation),SQL Server,,," 3,828.02 "," 3,828.02 ",S54,8,64,SQL Server,Single-AZ,,,,Standard,,NonProduction,N,,,,,Replatform,,,,,, 0.02 ,
D14,hd-bws-db-cv1a,hd-bws-db-cv1a,A11,Comets - BAW (Workflow Automation),SQL Server,,," 3,828.02 "," 3,828.02 ",S55,8,8,SQL Server,Single-AZ,,,,Standard,,NonProduction,N,,,,,Replatform,,,,,, 0.02 ,
D15,hd-bws-db-cln1c,hd-bws-db-cln1c,A11,Comets - BAW (Workflow Automation),Oracle,,," 3,828.02 "," 3,828.02 ",S56,8,16,Oracle,Single-AZ,,,,Standard,,NonProduction,N,,,,,Rehost,,,,,, 0.00 ,
D16,hd-bws-db-tst1a,hd-bws-db-tst1a,A11,Comets - BAW (Workflow Automation),Oracle,,," 3,828.02 "," 3,828.02 ",S57,8,128,Oracle,Multi-AZ,,,,Enterprise,,Production,Y,,,,,Rehost,,,,,, 0.01 ,
D17,hd-bws-db-p05-sdc,hd-bws-db-p05-sdc,A11,Comets - BAW (Workflow Automation),Oracle,,, 423.42 ," 1,024.00 ",S58,2,2,Oracle,Single-AZ,,,,Standard,,NonProduction,N,,,,,Rehost,,,,,, 0.02 ,
D18,hd-bws-db-u05,hd-bws-db-u05,A13,Comets - BWS,Oracle,,," 2,927.31 "," 2,927.31 ",S60,4,8,Oracle,Single-AZ,,,,Standard,,NonProduction,N,,,,,Rehost,,,,,, 0.09 ,
D19,hd-bws-db-c05,hd-bws-db-c05,A13,Comets - BWS,Oracle,,," 3,152.49 "," 3,152.49 ",S61,4,128,Oracle,Single-AZ,,,,Standard,,NonProduction,N,,,,,Rehost,,,,,, 0.07 ,
D20,hd-bws-db-a05,hd-bws-db-a05,A13,Comets - BWS,Oracle,,," 2,139.19 "," 2,139.19 ",S62,2,8,Oracle,Single-AZ,,,,Standard,,NonProduction,N,,,,,Rehost,,,,,, 0.10 ,
D21,hd-bws-db-a05hc,hd-bws-db-a05hc,A13,Comets - BWS,Oracle,,," 1,083.12 "," 1,083.12 ",S64,2,13,Oracle,Single-AZ,,,,Standard,,NonProduction,N,,,,,Rehost,,,,,, 0.00 ,
D22,hd-baw-db-d1,hd-baw-db-d1,A13,Comets - BWS,Oracle,,, 832.43 ," 1,024.00 ",S74,4,24,Oracle,Single-AZ,,,,Standard,,NonProduction,N,,,,,Rehost,,,,,, 0.09 ,
D23,hd-bws-db-a05wc,hd-bws-db-a05wc,A13,Comets - BWS,Oracle,,," 1,083.12 "," 1,083.12 ",S75,2,16,Oracle,Multi-AZ,,,,Enterprise,,Production,Y,,,,,Rehost,,,,,, 0.07 ,
D24,hd-bws-db-f05,hd-bws-db-f05,A13,Comets - BWS,Oracle,,," 3,265.08 "," 3,265.08 ",S76,8,6,Oracle,Single-AZ,,,,Standard,,NonProduction,N,,,,,Rehost,,,,,, 0.01 ,
D25,hd-bws-db-pt05,hd-bws-db-pt05,A13,Comets - BWS,Oracle,,," 7,205.68 "," 7,205.68 ",S77,18,16,Oracle,Single-AZ,,,,Standard,,NonProduction,N,,,,,Rehost,,,,,, 0.08 ,
D26,hd-bws-db-p05,hd-bws-db-p05,A13,Comets - BWS,Oracle,,," 4,841.32 "," 4,841.32 ",S80,8,6,Oracle,Single-AZ,,,,Standard,,NonProduction,N,,,,,Rehost,,,,,, 0.01 ,
D27,hd-cog-db-sb05,hd-cog-db-sb05,A14,Comets - Cognos,Oracle,,, 885.21 ," 1,024.00 ",S90,4,8,Oracle,Multi-AZ,,,,Enterprise,,Production,Y,,,,,Rehost,,,,,, 0.04 ,
D28,HD-COG-DB-U05,HD-COG-DB-U05,A14,Comets - Cognos,Oracle,,, 876.41 ," 1,024.00 ",S91,4,16,Oracle,Single-AZ,,,,Standard,,NonProduction,N,,,,,Rehost,,,,,, 0.04 ,
D29,hd-cog-db-pt05,hd-cog-db-pt05,A14,Comets - Cognos,Oracle,,," 1,125.89 "," 1,125.89 ",S92,16,16,Oracle,Multi-AZ,,,,Enterprise,,Production,Y,,,,,Rehost,,,,,, 0.01 ,
D30,hd-cog-db-d05,hd-cog-db-d05,A14,Comets - Cognos,Oracle,,, 952.28 ," 1,024.00 ",S93,4,24,Oracle,Single-AZ,,,,Standard,,NonProduction,N,,,,,Rehost,,,,,, 0.05 ,
D31,hd-cog-db-c05,hd-cog-db-c05,A14,Comets - Cognos,Oracle,,," 1,351.07 "," 1,351.07 ",S94,4,16,Oracle,Single-AZ,,,,Standard,,NonProduction,N,,,,,Rehost,,,,,, 0.04 ,
D32,HD-COG-DB-TR05,HD-COG-DB-TR05,A14,Comets - Cognos,Oracle,,, 876.41 ," 1,024.00 ",S95,4,8,Oracle,Single-AZ,,,,Standard,,NonProduction,N,,,,,Rehost,,,,,, 0.04 ,
D33,hd-cog-db-f05,hd-cog-db-f05,A14,Comets - Cognos,Oracle,,," 1,125.89 "," 1,125.89 ",S96,16,24,Oracle,Single-AZ,,,,Standard,,NonProduction,N,,,,,Rehost,,,,,, 0.00 ,
D34,hd-cog-db-p05,hd-cog-db-p05,A14,Comets - Cognos,Oracle,,," 2,251.78 "," 2,251.78 ",S99,8,32,Oracle,Single-AZ,,,,Standard,,NonProduction,N,,,,,Rehost,,,,,, 0.02 ,
D35,hd-cse-db-u06,hd-cse-db-u06,A16,Comets - Core DB,SQL Server,,," 15,086.90 "," 15,086.90 ",S110,4,32,SQL Server,Single-AZ,,,,Standard,,NonProduction,N,,,,,Replatform,,,,,, 0.36 ,
D36,hd-cse-db-c05,hd-cse-db-c05,A16,Comets - Core DB,SQL Server,,," 15,762.43 "," 15,762.43 ",S111,8,32,SQL Server,Multi-AZ,,,,Enterprise,,Production,Y,,,,,Replatform,,,,,, 0.03 ,
D37,hd-cse-db1-m105,hd-cse-db1-m105,A16,Comets - Core DB,SQL Server,,," 21,054.11 "," 16,000.00 ",S112,10,6,SQL Server,Multi-AZ,,,,Enterprise,,Production,Y,,,,,Replatform,,,,,, 0.02 ,
D38,hd-cse-db-it1a,hd-cse-db-it1a,A16,Comets - Core DB,Oracle,,," 9,119.69 "," 9,119.69 ",S113,4,32,Oracle,Single-AZ,,,,Standard,,NonProduction,N,,,,,Rehost,,,,,, 0.02 ,
D39,hd-cse-db-dev1a,hd-cse-db-dev1a,A16,Comets - Core DB,Oracle,,, 943.48 ," 1,024.00 ",S114,8,16,Oracle,Single-AZ,,,,Standard,,NonProduction,N,,,,,Rehost,,,,,, 0.01 ,
D40,hd-cse-db-m105,hd-cse-db-m105,A16,Comets - Core DB,Oracle,,," 2,927.31 "," 2,927.31 ",S115,10,8,Oracle,Single-AZ,,,,Standard,,NonProduction,N,,,,,Rehost,,,,,, 0.05 ,
D41,hd-cse-db-cln1t,hd-cse-db-cln1t,A16,Comets - Core DB,Oracle,,, 943.48 ," 1,024.00 ",S116,8,8,Oracle,Multi-AZ,,,,Enterprise,,Production,Y,,,,,Rehost,,,,,, 0.01 ,
D42,hd-cse-db-st2a,hd-cse-db-st2a,A16,Comets - Core DB,Oracle,,," 11,146.29 "," 11,146.29 ",S117,8,6,Oracle,Single-AZ,,,,Standard,,NonProduction,N,,,,,Rehost,,,,,, 0.02 ,
D43,hd-cse-db-trn01,hd-cse-db-trn01,A16,Comets - Core DB,Oracle,,," 9,119.69 "," 9,119.69 ",S118,4,16,Oracle,Single-AZ,,,,Standard,,NonProduction,N,,,,,Rehost,,,,,, 0.03 ,
D44,hd-cse-db-it2a,hd-cse-db-it2a,A16,Comets - Core DB,Oracle,,," 11,146.29 "," 11,146.29 ",S119,8,16,Oracle,Single-AZ,,,,Standard,,NonProduction,N,,,,,Rehost,,,,,, 0.02 ,
D45,hd-cse-db-dev02,hd-cse-db-dev02,A16,Comets - Core DB,Oracle,,," 9,119.69 "," 9,119.69 ",S120,4,32,Oracle,Single-AZ,,,,Standard,,NonProduction,N,,,,,Rehost,,,,,, 0.03 ,
D46,hd-cse-db-it01,hd-cse-db-it01,A16,Comets - Core DB,Oracle,,," 9,119.69 "," 9,119.69 ",S121,4,24,Oracle,Single-AZ,,,,Standard,,NonProduction,N,,,,,Rehost,,,,,, 0.02 ,
D47,HD-CSE-DB-PT05,HD-CSE-DB-PT05,A16,Comets - Core DB,Oracle,,," 13,285.48 "," 13,285.48 ",S122,16,6,Oracle,Single-AZ,,,,Standard,,NonProduction,N,,,,,Rehost,,,,,, 0.05 ,
D48,hd-cse-db-st02,hd-cse-db-st02,A16,Comets - Core DB,Oracle,,," 9,119.69 "," 9,119.69 ",S123,4,24,Oracle,Single-AZ,,,,Standard,,NonProduction,N,,,,,Rehost,,,,,, 0.03 ,
D49,hd-cse-db-msk,hd-cse-db-msk,A16,Comets - Core DB,Oracle,,," 9,119.69 "," 9,119.69 ",S124,8,6,Oracle,Single-AZ,,,,Standard,,NonProduction,N,,,,,Rehost,,,,,, 0.10 ,
D50,hd-cse-db-trn1a,hd-cse-db-trn1a,A16,Comets - Core DB,Oracle,,," 9,119.69 "," 9,119.69 ",S125,4,24,Oracle,Single-AZ,,,,Standard,,NonProduction,N,,,,,Rehost,,,,,, 0.03 ,
D51,hd-cse-db-trn1b,hd-cse-db-trn1b,A16,Comets - Core DB,Oracle,,," 11,146.29 "," 11,146.29 ",S126,8,6,Oracle,Single-AZ,,,,Standard,,NonProduction,N,,,,,Rehost,,,,,, 0.02 ,
D52,hd-cse-db-uat02,hd-cse-db-uat02,A16,Comets - Core DB,Oracle,,," 9,119.69 "," 9,119.69 ",S127,4,6,Oracle,Multi-AZ,,,,Enterprise,,Production,Y,,,,,Rehost,,,,,, 0.03 ,
D53,hd-cse-db-c157b,hd-cse-db-c157b,A16,Comets - Core DB,Oracle,,," 11,146.29 "," 11,146.29 ",S128,8,24,Oracle,Single-AZ,,,,Standard,,NonProduction,N,,,,,Rehost,,,,,, 0.00 ,
D54,hd-cse-db-st1b,hd-cse-db-st1b,A16,Comets - Core DB,Oracle,,," 11,146.29 "," 11,146.29 ",S129,8,32,Oracle,Single-AZ,,,,Standard,,NonProduction,N,,,,,Rehost,,,,,, 0.14 ,
D55,hd-cse-db-trn1c,hd-cse-db-trn1c,A16,Comets - Core DB,Oracle,,," 11,146.29 "," 11,146.29 ",S130,8,6,Oracle,Multi-AZ,,,,Enterprise,,Production,Y,,,,,Rehost,,,,,, 0.09 ,
D56,hd-cse-db-m205b,hd-cse-db-m205b,A16,Comets - Core DB,Oracle,,," 11,146.29 "," 11,146.29 ",S131,8,6,Oracle,Single-AZ,,,,Standard,,NonProduction,N,,,,,Rehost,,,,,, 0.02 ,
D57,hd-cse-db-cv1b,hd-cse-db-cv1b,A16,Comets - Core DB,Oracle,,," 11,146.29 "," 11,146.29 ",S132,8,8,Oracle,Multi-AZ,,,,Enterprise,,Production,Y,,,,,Rehost,,,,,, 0.02 ,
D58,hd-cse-db-cv1a,hd-cse-db-cv1a,A16,Comets - Core DB,Oracle,,," 11,146.29 "," 11,146.29 ",S133,8,8,Oracle,Multi-AZ,,,,Enterprise,,Production,Y,,,,,Rehost,,,,,, 0.02 ,
D59,hd-cse-db-dev01,hd-cse-db-dev01,A16,Comets - Core DB,SQL Server,,," 9,119.69 "," 9,119.69 ",S134,4,16,SQL Server,Multi-AZ,,,,Enterprise,,Production,Y,,,,,Replatform,,,,,, 0.02 ,
D60,hd-cse-db-uat1a,hd-cse-db-uat1a,A16,Comets - Core DB,Oracle,,," 11,146.29 "," 11,146.29 ",S135,8,16,Oracle,Multi-AZ,,,,Enterprise,,Production,Y,,,,,Rehost,,,,,, -   ,
D61,hd-cse-db-m205,hd-cse-db-m205,A16,Comets - Core DB,Oracle,,," 11,821.82 "," 11,821.82 ",S136,16,16,Oracle,Multi-AZ,,,,Enterprise,,Production,Y,,,,,Rehost,,,,,, 0.05 ,
D62,hd-cse-db-cln1c,hd-cse-db-cln1c,A16,Comets - Core DB,Oracle,,," 11,146.29 "," 11,146.29 ",S137,8,32,Oracle,Single-AZ,,,,Standard,,NonProduction,N,,,,,Rehost,,,,,, 0.01 ,
D63,hd-cse-db-uat2b,hd-cse-db-uat2b,A16,Comets - Core DB,Oracle,,," 11,146.29 "," 11,146.29 ",S138,8,16,Oracle,Single-AZ,,,,Standard,,NonProduction,N,,,,,Rehost,,,,,, 0.02 ,
D64,hd-cse-db-cln1b,hd-cse-db-cln1b,A16,Comets - Core DB,Oracle,,," 11,146.29 "," 11,146.29 ",S139,8,6,Oracle,Single-AZ,,,,Standard,,NonProduction,N,,,,,Rehost,,,,,, 0.00 ,
D65,hd-cse-db-dv01a,hd-cse-db-dv01a,A16,Comets - Core DB,Oracle,,," 9,119.69 "," 9,119.69 ",S140,4,32,Oracle,Single-AZ,,,,Standard,,NonProduction,N,,,,,Rehost,,,,,, 0.35 ,
D66,hd-cse-db-m205a,hd-cse-db-m205a,A16,Comets - Core DB,Oracle,,," 11,146.29 "," 11,146.29 ",S141,8,24,Oracle,Single-AZ,,,,Standard,,NonProduction,N,,,,,Rehost,,,,,, 0.02 ,
D67,hd-cse-db-c157a,hd-cse-db-c157a,A16,Comets - Core DB,Oracle,,," 11,258.88 "," 11,258.88 ",S142,8,24,Oracle,Single-AZ,,,,Standard,,NonProduction,N,,,,,Rehost,,,,,, 0.01 ,
D68,hd-cse-db-it02a,hd-cse-db-it02a,A16,Comets - Core DB,Oracle,,," 9,119.69 "," 9,119.69 ",S143,4,8,Oracle,Single-AZ,,,,Standard,,NonProduction,N,,,,,Rehost,,,,,, 0.03 ,
D69,hd-cse-db-dev1b,hd-cse-db-dev1b,A16,Comets - Core DB,Oracle,,," 11,146.29 "," 11,146.29 ",S144,8,32,Oracle,Single-AZ,,,,Standard,,NonProduction,N,,,,,Rehost,,,,,, 0.02 ,
D70,hd-cse-db-st01,hd-cse-db-st01,A16,Comets - Core DB,Oracle,,," 9,119.69 "," 9,119.69 ",S145,4,8,Oracle,Single-AZ,,,,Standard,,NonProduction,N,,,,,Rehost,,,,,, 0.03 ,
D71,hd-cse-db-uat2a,hd-cse-db-uat2a,A16,Comets - Core DB,Oracle,,," 9,119.69 "," 9,119.69 ",S146,4,32,Oracle,Single-AZ,,,,Standard,,NonProduction,N,,,,,Rehost,,,,,, 0.03 ,
D72,hd-cse-db-it2b,hd-cse-db-it2b,A16,Comets - Core DB,Oracle,,," 9,119.69 "," 9,119.69 ",S147,4,32,Oracle,Single-AZ,,,,Standard,,NonProduction,N,,,,,Rehost,,,,,, 0.03 ,
D73,hd-cse-db-p05,hd-cse-db-p05,A16,Comets - Core DB,Oracle,,," 35,352.88 "," 16,000.00 ",S148,16,96,Oracle,Single-AZ,,,,Standard,,NonProduction,N,,,,,Rehost,,,,,, 0.01 ,
D74,hd-ptc-db-pt05,hd-ptc-db-pt05,A17,Comets - Customer Website,Oracle,,," 1,238.48 "," 1,238.48 ",S152,4,32,Oracle,Single-AZ,,,,Standard,,NonProduction,N,,,,,Rehost,,,,,, 0.01 ,
D75,hd-ptc-db1-p05,hd-ptc-db1-p05,A17,Comets - Customer Website,Oracle,,, 646.62 ," 1,024.00 ",S157,4,128,Oracle,Single-AZ,,,,Standard,,NonProduction,N,,,,,Rehost,,,,,, 0.18 ,
D76,hd-ptc-db-p05,hd-ptc-db-p05,A17,Comets - Customer Website,Oracle,,," 1,238.48 "," 1,238.48 ",S158,4,16,Oracle,Single-AZ,,,,Standard,,NonProduction,N,,,,,Rehost,,,,,, 0.01 ,
D77,hd-dwh-db-d05,hd-dwh-db-d05,A18,Comets - Data Warehouse,Oracle,,," 9,119.69 "," 9,119.69 ",S159,4,32,Oracle,Multi-AZ,,,,Enterprise,,Production,Y,,,,,Rehost,,,,,, 0.05 ,
D78,hd-dwh-db-pt05,hd-dwh-db-pt05,A18,Comets - Data Warehouse,Oracle,,," 19,027.51 "," 16,000.00 ",S160,20,16,Oracle,Single-AZ,,,,Standard,,NonProduction,N,,,,,Rehost,,,,,, 0.01 ,
D79,hd-dwh-db-cln1a,hd-dwh-db-cln1a,A18,Comets - Data Warehouse,Oracle,,, 943.48 ," 1,024.00 ",S161,8,32,Oracle,Single-AZ,,,,Standard,,NonProduction,N,,,,,Rehost,,,,,, 0.01 ,
D80,hd-dwh-db-p05,hd-dwh-db-p05,A18,Comets - Data Warehouse,Oracle,,," 21,729.64 "," 16,000.00 ",S162,64,32,Oracle,Multi-AZ,,,,Enterprise,,Production,Y,,,,,Rehost,,,,,, 0.00 ,
D81,hd-dcp-db1-f2,hd-dcp-db1-f2,A19,Comets - Datacap,SQL Server,,, 535.57 ," 1,024.00 ",S196,2,8,SQL Server,Single-AZ,,,,Standard,,NonProduction,N,,,,,Replatform,,,,,, 0.42 ,
D82,hd-dcp-db1-pt2,hd-dcp-db1-pt2,A19,Comets - Datacap,SQL Server,,, 640.02 ," 1,024.00 ",S197,2,48,SQL Server,Single-AZ,,,,Standard,,NonProduction,N,,,,,Replatform,,,,,, 0.27 ,
D83,hd-dcp-db-u2,hd-dcp-db-u2,A19,Comets - Datacap,SQL Server,,, 534.47 ," 1,024.00 ",S198,2,16,SQL Server,Single-AZ,,,,Standard,,NonProduction,N,,,,,Replatform,,,,,, 0.19 ,
D84,hd-dcp-db1-p2,hd-dcp-db1-p2,A19,Comets - Datacap,SQL Server,,, 988.56 ," 1,024.00 ",S199,4,16,SQL Server,Single-AZ,,,,Standard,,NonProduction,N,,,,,Replatform,,,,,, 0.25 ,
D85,hd-dcp-db-d1,hd-dcp-db-d1,A19,Comets - Datacap,SQL Server,,, 517.97 ," 1,024.00 ",S200,2,16,SQL Server,Single-AZ,,,,Standard,,NonProduction,N,,,,,Replatform,,,,,, 0.06 ,
D86,hd-dcp-db-a2,hd-dcp-db-a2,A19,Comets - Datacap,SQL Server,,, 517.97 ," 1,024.00 ",S201,2,8,SQL Server,Single-AZ,,,,Standard,,NonProduction,N,,,,,Replatform,,,,,, 0.15 ,
D87,hd-dcp-db-pt05,hd-dcp-db-pt05,A19,Comets - DataCap,SQL Server,,," 1,576.24 "," 1,576.24 ",S202,2,12,SQL Server,Single-AZ,,,,Standard,,NonProduction,N,,,,,Replatform,,,,,, 0.02 ,
D88,hd-dcp-db-u05,hd-dcp-db-u05,A19,Comets - DataCap,SQL Server,,," 1,576.24 "," 1,576.24 ",S203,2,32,SQL Server,Multi-AZ,,,,Enterprise,,Production,Y,,,,,Replatform,,,,,, 0.02 ,
D89,hd-dcp-db-a05,hd-dcp-db-a05,A19,Comets - Datacap,SQL Server,,, 447.61 ," 1,024.00 ",S204,2,16,SQL Server,Multi-AZ,,,,Enterprise,,Production,Y,,,,,Replatform,,,,,, 0.04 ,
D90,hd-dcp-db-f05,hd-dcp-db-f05,A19,Comets - DataCap,Oracle,,, 656.51 ," 1,024.00 ",S205,2,16,Oracle,Single-AZ,,,,Standard,,NonProduction,N,,,,,Rehost,,,,,, 0.02 ,
D91,hd-dcp-db-d05,hd-dcp-db-d05,A19,Comets - Datacap,Oracle,,," 2,139.19 "," 2,139.19 ",S206,2,16,Oracle,Single-AZ,,,,Standard,,NonProduction,N,,,,,Rehost,,,,,, 0.01 ,
D92,hd-dcp-db-p05,hd-dcp-db-p05,A19,Comets - DataCap,Oracle,,," 1,576.24 "," 1,576.24 ",S217,4,16,Oracle,Multi-AZ,,,,Enterprise,,Production,Y,,,,,Rehost,,,,,, 0.01 ,
D93,hd-fws-db1-d05,hd-fws-db1-d05,A25,Comets - Fa�ade,Oracle,,," 1,688.83 "," 1,688.83 ",S228,4,8,Oracle,Single-AZ,,,,Standard,,NonProduction,N,,,,,Rehost,,,,,, 0.11 ,
D94,hd-fws-db-d05,hd-fws-db-d05,A25,Comets - Fa�ade,Oracle,,," 2,927.31 "," 2,927.31 ",S235,8,16,Oracle,Single-AZ,,,,Standard,,NonProduction,N,,,,,Rehost,,,,,, 0.04 ,
D95,hd-fws-db-p05,hd-fws-db-p05,A25,Comets - Fa�ade,Oracle,,," 3,602.84 "," 3,602.84 ",S238,16,32,Oracle,Single-AZ,,,,Standard,,NonProduction,N,,,,,Rehost,,,,,, 0.01 ,
D96,hd-fnt-db-f05,hd-fnt-db-f05,A27,Comets - Filenet,Oracle,,," 1,576.24 "," 1,576.24 ",S245,4,16,Oracle,Single-AZ,,,,Standard,,NonProduction,N,,,,,Rehost,,,,,, 0.04 ,
D97,hd-fnt-db-pt05,hd-fnt-db-pt05,A27,Comets - Filenet,SQL Server,,," 1,351.07 "," 1,351.07 ",S247,12,16,SQL Server,Single-AZ,,,,Standard,,NonProduction,N,,,,,Replatform,,,,,, 0.01 ,
D98,hd-fnt-db-u05,hd-fnt-db-u05,A27,Comets - FileNet,SQL Server,,, 630.12 ," 1,024.00 ",S250,3,96,SQL Server,Multi-AZ,,,,Enterprise,,Production,Y,,,,,Replatform,,,,,, 0.03 ,
D99,hd-fnt-db-c05,hd-fnt-db-c05,A27,Comets - Filenet,Oracle,,," 1,125.89 "," 1,125.89 ",S251,1,16,Oracle,Single-AZ,,,,Standard,,NonProduction,N,,,,,Rehost,,,,,, 0.09 ,
D100,hd-fnt-db-a05,hd-fnt-db-a05,A27,Comets - Filenet,Oracle,,, 905.00 ," 1,024.00 ",S252,4,32,Oracle,Single-AZ,,,,Standard,,NonProduction,N,,,,,Rehost,,,,,, 0.04 ,
D101,hd-fnt-db-p05,hd-fnt-db-p05,A27,Comets - Filenet,Oracle,,," 1,238.48 "," 1,238.48 ",S255,16,24,Oracle,Single-AZ,,,,Standard,,NonProduction,N,,,,,Rehost,,,,,, 0.01 ,
D102,hd-iws-db-stg,hd-iws-db-stg,A28,Comets - IBM Workload Scheduler,Oracle,,," 1,113.90 "," 1,113.90 ",S258,2,96,Oracle,Multi-AZ,,,,Enterprise,,Production,Y,,,,,Rehost,,,,,, 0.02 ,
D103,hd-iws-db-dev,hd-iws-db-dev,A28,Comets - IBM Workload Scheduler,Oracle,,," 1,113.90 "," 1,113.90 ",S261,1,32,Oracle,Multi-AZ,,,,Enterprise,,Production,Y,,,,,Rehost,,,,,, 0.19 ,
D104,hd-iws-db-prd,hd-iws-db-prd,A28,Comets - IBM Workload Scheduler,Oracle,,," 2,139.19 "," 2,139.19 ",S262,4,16,Oracle,Single-AZ,,,,Standard,,NonProduction,N,,,,,Rehost,,,,,, 0.01 ,
D105,hd-iws-db-f05,hd-iws-db-f05,A29,Comets - IBM Workload Scheduler (decommission),Oracle,,," 1,113.90 "," 1,113.90 ",S266,2,24,Oracle,Single-AZ,,,,Standard,,NonProduction,N,,,,,Rehost,,,,,, 0.01 ,
D106,hd-iir-db-d05,hd-iir-db-d05,A30,Comets - IIR,Oracle,,, 641.12 ," 1,024.00 ",S271,4,96,Oracle,Single-AZ,,,,Standard,,NonProduction,N,,,,,Rehost,,,,,, 0.10 ,
D107,hd-iir-db-u05,hd-iir-db-u05,A30,Comets - IIR,Oracle,,, 612.53 ," 1,024.00 ",S272,3,96,Oracle,Single-AZ,,,,Standard,,NonProduction,N,,,,,Rehost,,,,,, 0.09 ,
D108,hd-iir-db-a05,hd-iir-db-a05,A30,Comets - IIR,Oracle,,, 613.63 ," 1,024.00 ",S275,4,96,Oracle,Single-AZ,,,,Standard,,NonProduction,N,,,,,Rehost,,,,,, 0.08 ,
D109,hd-iir-db-c05,hd-iir-db-c05,A30,Comets - IIR,Oracle,,, 668.61 ," 1,024.00 ",S278,4,8,Oracle,Single-AZ,,,,Standard,,NonProduction,N,,,,,Rehost,,,,,, 0.14 ,
D110,hd-iir-db1-pt05,hd-iir-db1-pt05,A30,Comets - IIR,Oracle,,, 828.03 ," 1,024.00 ",S279,4,4,Oracle,Multi-AZ,,,,Enterprise,,Production,Y,,,,,Rehost,,,,,, 0.18 ,
D111,hd-iir-db-pt05,hd-iir-db-pt05,A30,Comets - IIR,Oracle,,," 2,364.36 "," 2,364.36 ",S280,4,32,Oracle,Single-AZ,,,,Standard,,NonProduction,N,,,,,Rehost,,,,,, 0.01 ,
D112,hd-iir-db-f05,hd-iir-db-f05,A30,Comets - IIR,Oracle,,," 1,125.89 "," 1,125.89 ",S281,4,7.8,Oracle,Multi-AZ,,,,Enterprise,,Production,Y,,,,,Rehost,,,,,, 0.01 ,
D113,hd-iir-db1-p05,hd-iir-db1-p05,A30,Comets - IIR,Oracle,,, 745.57 ," 1,024.00 ",S283,8,32,Oracle,Single-AZ,,,,Standard,,NonProduction,N,,,,,Rehost,,,,,, 0.27 ,
D114,hd-iir-db-p05,hd-iir-db-p05,A30,Comets - IIR,Oracle,,, 685.10 ," 1,024.00 ",S285,8,32,Oracle,Single-AZ,,,,Standard,,NonProduction,N,,,,,Rehost,,,,,, 0.02 ,
D115,hd-cse-db-msk1a,hd-cse-db-msk1a,A35,Comets - Masking DB,Oracle,,," 11,146.29 "," 11,146.29 ",S300,8,48,Oracle,Single-AZ,,,,Standard,,NonProduction,N,,,,,Rehost,,,,,, 0.18 ,
D116,hd-cse-db-msk1b,hd-cse-db-msk1b,A35,Comets - Masking DB,Oracle,,," 11,146.29 "," 11,146.29 ",S301,8,16,Oracle,Single-AZ,,,,Standard,,NonProduction,N,,,,,Rehost,,,,,, 0.02 ,
D117,hd-odi-db-d05,hd-odi-db-d05,A38,Comets - Oracle Data Integrator,Oracle,,, 486.09 ," 1,024.00 ",S308,2,8,Oracle,Single-AZ,,,,Standard,,NonProduction,N,,,,,Rehost,,,,,, 0.09 ,
D118,hd-odi-db-pt05,hd-odi-db-pt05,A38,Comets - Oracle Data Integrator,Oracle,,, 682.90 ," 1,024.00 ",S309,2,24,Oracle,Single-AZ,,,,Standard,,NonProduction,N,,,,,Rehost,,,,,, 0.13 ,
D119,hd-odi-db-f05,hd-odi-db-f05,A38,Comets - Oracle Data Integrator,Oracle,,, 957.77 ," 1,024.00 ",S310,2,32,Oracle,Single-AZ,,,,Standard,,NonProduction,N,,,,,Rehost,,,,,, 0.16 ,
D120,hd-odi-db-pt05n,hd-odi-db-pt05n,A38,Comets - Oracle Data Integrator,Oracle,,, 777.46 ," 1,024.00 ",S314,2,96,Oracle,Single-AZ,,,,Standard,,NonProduction,N,,,,,Rehost,,,,,, 0.02 ,
D121,hd-odi-db-d05n,hd-odi-db-d05n,A38,Comets - Oracle Data Integrator,Oracle,,," 1,576.24 "," 1,576.24 ",S318,2,98,Oracle,Multi-AZ,,,,Enterprise,,Production,Y,,,,,Rehost,,,,,, 0.08 ,
D122,hd-odi-db-c05n,hd-odi-db-c05n,A38,Comets - Oracle Data Integrator,Oracle,,, 777.46 ," 1,024.00 ",S319,2,40,Oracle,Single-AZ,,,,Standard,,NonProduction,N,,,,,Rehost,,,,,, 0.02 ,
D123,hd-odi-db-p05,hd-odi-db-p05,A38,Comets - Oracle Data Integrator,Oracle,,," 2,139.19 "," 2,139.19 ",S321,4,96,Oracle,Single-AZ,,,,Standard,,NonProduction,N,,,,,Rehost,,,,,, 0.09 ,
D124,hd-odi-db-p05n,hd-odi-db-p05n,A38,Comets - Oracle Data Integrator,Oracle,,," 1,104.67 "," 1,104.67 ",S322,2,16,Oracle,Multi-AZ,,,,Enterprise,,Production,Y,,,,,Rehost,,,,,, 0.01 ,
D125,hd-ptl-db-a05,hd-ptl-db-a05,A39,Comets - Portal,Oracle,,, 435.51 ," 1,024.00 ",S324,1,48,Oracle,Single-AZ,,,,Standard,,NonProduction,N,,,,,Rehost,,,,,, 0.15 ,
D126,hd-ptl-db1-f05,hd-ptl-db1-f05,A39,Comets - Portal,Oracle,,, 631.22 ," 1,024.00 ",S331,4,12,Oracle,Multi-AZ,,,,Enterprise,,Production,Y,,,,,Rehost,,,,,, 0.66 ,
D127,hd-ptl-db-c05,hd-ptl-db-c05,A39,Comets - Portal,Oracle,,, 486.09 ," 1,024.00 ",S332,2,4,Oracle,Single-AZ,,,,Standard,,NonProduction,N,,,,,Rehost,,,,,, 0.14 ,
D128,hd-ptl-db-d05,hd-ptl-db-d05,A39,Comets - Portal,Oracle,,, 448.71 ," 1,024.00 ",S333,4,4,Oracle,Multi-AZ,,,,Enterprise,,Production,Y,,,,,Rehost,,,,,, 0.14 ,
D129,hd-ptl-db-u05,hd-ptl-db-u05,A39,Comets - Portal,Oracle,,, 511.38 ," 1,024.00 ",S334,2,4,Oracle,Single-AZ,,,,Standard,,NonProduction,N,,,,,Rehost,,,,,, 0.12 ,
D130,hd-rnd-db-d20,hd-rnd-db-d20,A42,Comets - R&D Modernization,Oracle,,," 11,146.29 "," 11,146.29 ",S346,2,4,Oracle,Multi-AZ,,,,Enterprise,,Production,Y,,,,,Rehost,,,,,, 0.02 ,
D131,hd-rnd-db-seed2,hd-rnd-db-seed2,A42,Comets - R&D Modernization,Oracle,,, 943.48 ," 1,024.00 ",S347,8,96,Oracle,Single-AZ,,,,Standard,,NonProduction,N,,,,,Rehost,,,,,, 0.02 ,
D132,hd-pts-db1-pt05,hd-pts-db1-pt05,A46,Comets - Staff Portal,Oracle,,, 591.64 ," 1,024.00 ",S362,4,96,Oracle,Single-AZ,,,,Standard,,NonProduction,N,,,,,Rehost,,,,,, 0.19 ,
D133,hd-pts-db-pt05,hd-pts-db-pt05,A46,Comets - Staff Portal,Oracle,,," 1,238.48 "," 1,238.48 ",S364,4,96,Oracle,Single-AZ,,,,Standard,,NonProduction,N,,,,,Rehost,,,,,, 0.01 ,
D134,hd-ptl-db-f05,hd-ptl-db-f05,A46,Comets - Staff Portal,Oracle,,, 785.15 ," 1,024.00 ",S365,4,32,Oracle,Single-AZ,,,,Standard,,NonProduction,N,,,,,Rehost,,,,,, 0.01 ,
D135,hd-pts-db1-p05,hd-pts-db1-p05,A46,Comets - Staff Portal,Oracle,,, 817.04 ," 1,024.00 ",S366,4,96,Oracle,Single-AZ,,,,Standard,,NonProduction,N,,,,,Rehost,,,,,, 0.14 ,
D136,hd-pts-db-p05,hd-pts-db-p05,A46,Comets - Staff Portal,Oracle,,," 1,113.90 "," 1,113.90 ",S369,4,8,Oracle,Multi-AZ,,,,Enterprise,,Production,Y,,,,,Rehost,,,,,, 0.01 ,
D137,hd-ods-db-d02,hd-ods-db-d02,A47,Comets - Standby DB,Oracle,,," 11,033.70 "," 11,033.70 ",S370,4,32,Oracle,Single-AZ,,,,Standard,,NonProduction,N,,,,,Rehost,,,,,, 0.02 ,
D138,hd-ods-db-pt05,hd-ods-db-pt05,A47,Comets - Standby DB,Oracle,,," 10,921.11 "," 10,921.11 ",S371,16,32,Oracle,Single-AZ,,,,Standard,,NonProduction,N,,,,,Rehost,,,,,, 0.01 ,
D139,hd-ods-db-p05,hd-ods-db-p05,A47,Comets - Standby DB,Oracle,,," 10,695.94 "," 10,695.94 ",S372,16,46,Oracle,Single-AZ,,,,Standard,,NonProduction,N,,,,,Rehost,,,,,, 0.02 ,
D140,hd-ods-db-p05-sdc,hd-ods-db-p05-sdc,A48,Comets - Standy DB,Oracle,,, 423.42 ," 1,024.00 ",S373,2,46,Oracle,Single-AZ,,,,Standard,,NonProduction,N,,,,,Rehost,,,,,, 0.02 ,
D141,dls-gwdevdb-r8,dls-gwdevdb-r8,A51,DLS Gateway,Oracle,,," 2,927.31 "," 2,927.31 ",S383,16,96,Oracle,Single-AZ,,,,Standard,,NonProduction,N,,,,,Rehost,,,,,, 0.01 ,
D142,dls-gwprddb-r8,dls-gwprddb-r8,A51,DLS Gateway,Oracle,,," 4,841.32 "," 4,841.32 ",S385,16,32,Oracle,Single-AZ,,,,Standard,,NonProduction,N,,,,,Rehost,,,,,, 0.01 ,
D143,dor-edc-ora-dev,dor-edc-ora-dev,A54,edocs,Oracle,,," 2,476.95 "," 2,476.95 ",S390,8,16,Oracle,Single-AZ,,,,Standard,,NonProduction,N,,,,,Rehost,,,,,, 0.02 ,
D144,dor-edc-ora-prd,dor-edc-ora-prd,A54,edocs,Oracle,,," 1,351.07 "," 1,351.07 ",S393,4,16,Oracle,Single-AZ,,,,Standard,,NonProduction,N,,,,,Rehost,,,,,, 0.05 ,
D145,dor-incprddb4,dor-incprddb4,A55,eFile Print and View,Oracle,,," 1,801.42 "," 1,801.42 ",S399,4,12,Oracle,Single-AZ,,,,Standard,,NonProduction,N,,,,,Rehost,,,,,, 0.04 ,
D146,dor-incprddb3-n,dor-incprddb3-n,A55,eFile Print and View,Oracle,,," 1,914.01 "," 1,914.01 ",S400,4,16,Oracle,Single-AZ,,,,Standard,,NonProduction,N,,,,,Rehost,,,,,, 0.11 ,
D147,dor-evdb,dor-evdb,A57,Enterprise Vault,Oracle,,," 1,351.07 "," 1,351.07 ",S406,8,16,Oracle,Single-AZ,,,,Standard,,NonProduction,N,,,,,Rehost,,,,,, 0.01 ,
D148,dor-ustdevdb19,dor-ustdevdb19,A58,e-UST,PostGreSQL,,," 8,669.34 "," 8,669.34 ",S413,8,16,PostGres,Single-AZ,,,,Standard,,NonProduction,N,,,,,Replatform,,,,,, 0.28 ,
D149,dor-ustprddb19,dor-ustprddb19,A58,e-UST,PostGreSQL,,," 3,490.25 "," 3,490.25 ",S414,8,32,PostGres,Single-AZ,,,,Standard,,NonProduction,N,,,,,Replatform,,,,,, 0.12 ,
D150,dor-fxdevdbs,dor-fxdevdbs,A59,Fairfax,Oracle,,," 2,139.19 "," 2,139.19 ",S424,8,96,Oracle,Single-AZ,,,,Standard,,NonProduction,N,,,,,Rehost,,,,,, 0.04 ,
D151,dor-fxproddbs,dor-fxproddbs,A59,Fairfax,Oracle,,," 2,589.54 "," 2,589.54 ",S427,8,16,Oracle,Multi-AZ,,,,Enterprise,,Production,Y,,,,,Rehost,,,,,, 0.02 ,
D152,dor-ii-appdb1,dor-ii-appdb1,A63,"InfoImage(M),View Tax (Retire)",Oracle,,, 567.45 ," 1,024.00 ",S439,2,96,Oracle,Single-AZ,,,,Standard,,NonProduction,N,,,,,Rehost,,,,,, 0.01 ,
D153,dor-oraqadb1,dor-oraqadb1,A69,"Multiple Apps ( LMS, Internal Affairs, Bulk File, EPRS, Dor Portal, PIP & PIPWS )",Oracle,,," 1,463.65 "," 1,463.65 ",S449,4,96,Oracle,Single-AZ,,,,Standard,,NonProduction,N,,,,,Rehost,,,,,, 0.05 ,
D154,dor-oradevdb1,dor-oradevdb1,A69,"Multiple Apps ( LMS, Internal Affairs, Bulk File, EPRS, Dor Portal, PIP & PIPWS )",Oracle,,," 1,688.83 "," 1,688.83 ",S450,4,132,Oracle,Single-AZ,,,,Standard,,NonProduction,N,,,,,Rehost,,,,,, 0.05 ,
D155,dor-oraqadb1-n2,dor-oraqadb1-n2,A69,"Multiple Apps ( LMS, Internal Affairs, Bulk File, EPRS, Dor Portal, PIP & PIPWS )",Oracle,,," 1,125.89 "," 1,125.89 ",S451,4,32,Oracle,Single-AZ,,,,Standard,,NonProduction,N,,,,,Rehost,,,,,, 0.05 ,
D156,dor-webstgdb2,dor-webstgdb2,A69,"Multiple Apps ( LMS, Internal Affairs, Bulk File, EPRS, Dor Portal, PIP & PIPWS )",Oracle,,, 838.15 ," 1,024.00 ",S452,4,96,Oracle,Single-AZ,,,,Standard,,NonProduction,N,,,,,Rehost,,,,,, 0.05 ,
D157,dor-webprddb2,dor-webprddb2,A69,"Multiple Apps ( LMS, Internal Affairs, Bulk File, EPRS, Dor Portal, PIP & PIPWS )",Oracle,,, 706.21 ," 1,024.00 ",S453,4,32,Oracle,Multi-AZ,,,,Enterprise,,Production,Y,,,,,Rehost,,,,,, 0.10 ,
D158,dor-oraprddb1-n,dor-oraprddb1-n,A69,"Multiple Apps ( LMS, Internal Affairs, Bulk File, EPRS, Dor Portal, PIP & PIPWS )",Oracle,,," 1,576.24 "," 1,576.24 ",S454,4,12,Oracle,Multi-AZ,,,,Enterprise,,Production,Y,,,,,Rehost,,,,,, 0.08 ,
D159,dor-webprddb4,dor-webprddb4,A69,"Multiple Apps ( LMS, Internal Affairs, Bulk File, EPRS, Dor Portal, PIP & PIPWS )",Oracle,,," 1,007.47 "," 1,024.00 ",S455,4,16,Oracle,Multi-AZ,,,,Enterprise,,Production,Y,,,,,Rehost,,,,,, 0.03 ,
D160,dor-oraprddb1,dor-oraprddb1,A69,"Multiple Apps ( LMS, Internal Affairs, Bulk File, EPRS, Dor Portal, PIP & PIPWS )",Oracle,,," 1,351.07 "," 1,351.07 ",S456,4,32,Oracle,Single-AZ,,,,Standard,,NonProduction,N,,,,,Rehost,,,,,, 0.02 ,
D161,dor-webqadb2,dor-webqadb2,A70,"Multiple Apps (LMS, Internal Affairs, Bulk File, EPRS, Dor Portal, PIP & PIPWS )",Oracle,,, 503.90 ," 1,024.00 ",S457,2,96,Oracle,Single-AZ,,,,Standard,,NonProduction,N,,,,,Rehost,,,,,, 0.10 ,
D162,dor-webstgdb3,dor-webstgdb3,A71,"Multiple Apps (RRB, HCA, LMS, Internal Affairs, Bulk File, EPRS, Dor Portal, PIP & PIPWS )",Oracle,,," 1,083.34 "," 1,083.34 ",S460,4,12,Oracle,Single-AZ,,,,Standard,,NonProduction,N,,,,,Rehost,,,,,, 0.05 ,
D163,dor-webqadb3,dor-webqadb3,A71,"Multiple Apps (RRB, HCA, LMS, Internal Affairs, Bulk File, EPRS, Dor Portal, PIP & PIPWS )",SQL Server,,, 952.83 ," 1,024.00 ",S461,4,16,SQL Server,Single-AZ,,,,Standard,,NonProduction,N,,,,,Replatform,,,,,, 0.04 ,
D164,dor-webprddb3,dor-webprddb3,A71,"Multiple Apps (RRB, HCA, LMS, Internal Affairs, Bulk File, EPRS, Dor Portal, PIP & PIPWS )",SQL Server,,, 952.50 ," 1,024.00 ",S462,4,96,SQL Server,Single-AZ,,,,Standard,,NonProduction,N,,,,,Replatform,,,,,, 0.04 ,
D165,hd-odi-db-sbx,hd-odi-db-sbx,A75,Oracle Data Integrator,SQL Server,,," 1,125.89 "," 1,125.89 ",S468,2,32,SQL Server,Single-AZ,,,,Standard,,NonProduction,N,,,,,Replatform,,,,,, 0.02 ,
D166,dor-oradevdb-r8,dor-oradevdb-r8,A76,"Oracle DB - Multiple Apps (RRB, LMS, Internal Affairs, Bulk File, EPRS, Dor Portal, PIP & PIPWS )",SQL Server,,," 2,139.19 "," 2,139.19 ",S469,8,32,SQL Server,Single-AZ,,,,Standard,,NonProduction,N,,,,,Replatform,,,,,, 0.03 ,
,hd-rman-db12c,hd-rman-db12c,A77,RMAN,SQL Server,,, 321.16 ," 1,024.00 ",S471,2,16,SQL Server,Single-AZ,,,,Standard,,NonProduction,N,,,,,Replatform,,,,,, 0.03 ,
,dor-udeploydb-n,dor-udeploydb-n,A87,UrbanCode,SQL Server,,," 3,152.49 "," 3,152.49 ",,#N/A,#N/A,SQL Server,Single-AZ,,,,Standard,,NonProduction,N,,,,,Replatform,,,,,,,
